shipment_number,order_number,supplier_code,status,expected_delivery
SHIP-20001,ORD-10001,SUP-028,delivered,2026-09-14
SHIP-20002,ORD-10002,SUP-016,in_transit,2026-09-26
SHIP-20003,ORD-10003,SUP-026,delivered,2026-09-26
SHIP-20004,ORD-10004,SUP-021,delayed,2026-09-20
SHIP-20005,ORD-10005,SUP-005,delivered,2026-09-14
SHIP-20006,ORD-10006,SUP-050,delivered,2026-09-12
SHIP-20007,ORD-10007,SUP-010,in_transit,2026-10-04
SHIP-20008,ORD-10008,SUP-030,in_transit,2026-09-13
SHIP-20009,ORD-10009,SUP-035,in_transit,2026-09-19
SHIP-20010,ORD-10010,SUP-029,in_transit,2026-09-22
SHIP-20011,ORD-10011,SUP-008,preparing,2026-10-19
SHIP-20012,ORD-10012,SUP-020,delivered,2026-10-20
SHIP-20013,ORD-10013,SUP-039,preparing,2026-09-26
SHIP-20014,ORD-10014,SUP-010,preparing,2026-09-21
SHIP-20015,ORD-10015,SUP-023,in_transit,2026-09-09
SHIP-20016,ORD-10016,SUP-044,in_transit,2026-09-17
SHIP-20017,ORD-10017,SUP-002,delivered,2026-10-04
SHIP-20018,ORD-10018,SUP-036,delivered,2026-09-21
SHIP-20019,ORD-10019,SUP-007,delayed,2026-09-14
SHIP-20020,ORD-10020,SUP-008,preparing,2026-09-20
SHIP-20021,ORD-10021,SUP-009,in_transit,2026-10-01
SHIP-20022,ORD-10022,SUP-024,delivered,2026-10-17
SHIP-20023,ORD-10023,SUP-006,delayed,2026-09-22
SHIP-20024,ORD-10024,SUP-005,preparing,2026-09-10
SHIP-20025,ORD-10025,SUP-013,delivered,2026-10-04
SHIP-20026,ORD-10026,SUP-009,preparing,2026-09-27
SHIP-20027,ORD-10027,SUP-008,preparing,2026-10-05
SHIP-20028,ORD-10028,SUP-004,in_transit,2026-10-12
SHIP-20029,ORD-10029,SUP-028,delivered,2026-10-01
SHIP-20030,ORD-10030,SUP-032,preparing,2026-10-19
SHIP-20031,ORD-10031,SUP-028,in_transit,2026-09-19
SHIP-20032,ORD-10032,SUP-012,in_transit,2026-10-04
SHIP-20033,ORD-10033,SUP-010,preparing,2026-10-15
SHIP-20034,ORD-10034,SUP-040,in_transit,2026-09-24
SHIP-20035,ORD-10035,SUP-032,in_transit,2026-10-11
SHIP-20036,ORD-10036,SUP-031,preparing,2026-09-23
SHIP-20037,ORD-10037,SUP-025,in_transit,2026-09-18
SHIP-20038,ORD-10038,SUP-042,delivered,2026-10-09
SHIP-20039,ORD-10039,SUP-016,delayed,2026-10-10
SHIP-20040,ORD-10040,SUP-002,delivered,2026-10-21
SHIP-20041,ORD-10041,SUP-023,delayed,2026-10-07
SHIP-20042,ORD-10042,SUP-023,delivered,2026-10-08
SHIP-20043,ORD-10043,SUP-021,in_transit,2026-09-17
SHIP-20044,ORD-10044,SUP-002,in_transit,2026-09-20
SHIP-20045,ORD-10045,SUP-002,delivered,2026-09-23
SHIP-20046,ORD-10046,SUP-004,delivered,2026-10-06
SHIP-20047,ORD-10047,SUP-034,in_transit,2026-10-13
SHIP-20048,ORD-10048,SUP-015,delivered,2026-09-12
SHIP-20049,ORD-10049,SUP-016,delivered,2026-09-23
SHIP-20050,ORD-10050,SUP-035,delivered,2026-09-09
SHIP-20051,ORD-10051,SUP-049,delivered,2026-09-20
SHIP-20052,ORD-10052,SUP-037,delivered,2026-09-30
SHIP-20053,ORD-10053,SUP-023,delivered,2026-09-17
SHIP-20054,ORD-10054,SUP-012,in_transit,2026-09-26
SHIP-20055,ORD-10055,SUP-048,delivered,2026-10-13
SHIP-20056,ORD-10056,SUP-002,delivered,2026-09-28
SHIP-20057,ORD-10057,SUP-037,delayed,2026-10-12
SHIP-20058,ORD-10058,SUP-013,delivered,2026-10-07
SHIP-20059,ORD-10059,SUP-035,in_transit,2026-10-07
SHIP-20060,ORD-10060,SUP-003,preparing,2026-09-20
SHIP-20061,ORD-10061,SUP-039,in_transit,2026-10-09
SHIP-20062,ORD-10062,SUP-031,preparing,2026-10-15
SHIP-20063,ORD-10063,SUP-013,delivered,2026-09-27
SHIP-20064,ORD-10064,SUP-046,in_transit,2026-09-26
SHIP-20065,ORD-10065,SUP-004,preparing,2026-10-13
SHIP-20066,ORD-10066,SUP-046,delivered,2026-09-13
SHIP-20067,ORD-10067,SUP-034,delivered,2026-09-10
SHIP-20068,ORD-10068,SUP-024,delivered,2026-10-18
SHIP-20069,ORD-10069,SUP-026,delayed,2026-09-27
SHIP-20070,ORD-10070,SUP-020,in_transit,2026-09-16
SHIP-20071,ORD-10071,SUP-047,delivered,2026-10-16
SHIP-20072,ORD-10072,SUP-032,delayed,2026-09-17
SHIP-20073,ORD-10073,SUP-046,delivered,2026-10-20
SHIP-20074,ORD-10074,SUP-040,delivered,2026-09-20
SHIP-20075,ORD-10075,SUP-043,delayed,2026-09-17
SHIP-20076,ORD-10076,SUP-025,in_transit,2026-10-20
SHIP-20077,ORD-10077,SUP-019,in_transit,2026-09-06
SHIP-20078,ORD-10078,SUP-045,delivered,2026-10-01
SHIP-20079,ORD-10079,SUP-050,delivered,2026-09-08
SHIP-20080,ORD-10080,SUP-012,delayed,2026-10-15
SHIP-20081,ORD-10081,SUP-015,delayed,2026-09-12
SHIP-20082,ORD-10082,SUP-032,in_transit,2026-09-10
SHIP-20083,ORD-10083,SUP-016,in_transit,2026-09-26
SHIP-20084,ORD-10084,SUP-011,delayed,2026-09-11
SHIP-20085,ORD-10085,SUP-046,delivered,2026-09-27
SHIP-20086,ORD-10086,SUP-029,preparing,2026-09-19
SHIP-20087,ORD-10087,SUP-016,delivered,2026-09-28
SHIP-20088,ORD-10088,SUP-017,delivered,2026-09-06
SHIP-20089,ORD-10089,SUP-004,in_transit,2026-10-02
SHIP-20090,ORD-10090,SUP-011,delivered,2026-10-07
SHIP-20091,ORD-10091,SUP-025,in_transit,2026-09-30
SHIP-20092,ORD-10092,SUP-007,delivered,2026-10-12
SHIP-20093,ORD-10093,SUP-042,delivered,2026-09-20
SHIP-20094,ORD-10094,SUP-011,delayed,2026-09-08
SHIP-20095,ORD-10095,SUP-019,preparing,2026-09-22
SHIP-20096,ORD-10096,SUP-007,preparing,2026-09-16
SHIP-20097,ORD-10097,SUP-025,in_transit,2026-09-10
SHIP-20098,ORD-10098,SUP-036,delivered,2026-09-11
SHIP-20099,ORD-10099,SUP-022,delayed,2026-10-15
SHIP-20100,ORD-10100,SUP-031,delivered,2026-10-03
SHIP-20101,ORD-10101,SUP-042,in_transit,2026-10-03
SHIP-20102,ORD-10102,SUP-011,preparing,2026-09-27
SHIP-20103,ORD-10103,SUP-014,delivered,2026-10-02
SHIP-20104,ORD-10104,SUP-045,delayed,2026-10-10
SHIP-20105,ORD-10105,SUP-017,delivered,2026-09-25
SHIP-20106,ORD-10106,SUP-016,preparing,2026-10-01
SHIP-20107,ORD-10107,SUP-037,delayed,2026-10-07
SHIP-20108,ORD-10108,SUP-010,preparing,2026-09-06
SHIP-20109,ORD-10109,SUP-028,preparing,2026-10-18
SHIP-20110,ORD-10110,SUP-041,delayed,2026-09-18
SHIP-20111,ORD-10111,SUP-007,preparing,2026-09-16
SHIP-20112,ORD-10112,SUP-041,in_transit,2026-09-11
SHIP-20113,ORD-10113,SUP-031,delivered,2026-09-25
SHIP-20114,ORD-10114,SUP-026,delayed,2026-10-18
SHIP-20115,ORD-10115,SUP-017,preparing,2026-10-10
SHIP-20116,ORD-10116,SUP-025,in_transit,2026-09-30
SHIP-20117,ORD-10117,SUP-024,in_transit,2026-09-08
SHIP-20118,ORD-10118,SUP-017,in_transit,2026-09-22
SHIP-20119,ORD-10119,SUP-015,delivered,2026-10-12
SHIP-20120,ORD-10120,SUP-004,in_transit,2026-10-20
SHIP-20121,ORD-10121,SUP-043,preparing,2026-10-18
SHIP-20122,ORD-10122,SUP-023,delivered,2026-10-02
SHIP-20123,ORD-10123,SUP-049,delayed,2026-10-11
SHIP-20124,ORD-10124,SUP-004,delivered,2026-10-09
SHIP-20125,ORD-10125,SUP-027,delivered,2026-10-19
SHIP-20126,ORD-10126,SUP-031,delayed,2026-09-21
SHIP-20127,ORD-10127,SUP-031,in_transit,2026-10-01
SHIP-20128,ORD-10128,SUP-046,preparing,2026-10-12
SHIP-20129,ORD-10129,SUP-034,delivered,2026-10-19
SHIP-20130,ORD-10130,SUP-040,in_transit,2026-10-04
SHIP-20131,ORD-10131,SUP-012,delivered,2026-09-16
SHIP-20132,ORD-10132,SUP-014,delivered,2026-09-14
SHIP-20133,ORD-10133,SUP-003,in_transit,2026-10-19
SHIP-20134,ORD-10134,SUP-028,in_transit,2026-10-16
SHIP-20135,ORD-10135,SUP-010,delivered,2026-09-22
SHIP-20136,ORD-10136,SUP-021,delivered,2026-09-10
SHIP-20137,ORD-10137,SUP-006,in_transit,2026-10-01
SHIP-20138,ORD-10138,SUP-036,in_transit,2026-09-23
SHIP-20139,ORD-10139,SUP-034,delayed,2026-09-06
SHIP-20140,ORD-10140,SUP-045,delayed,2026-10-09
SHIP-20141,ORD-10141,SUP-027,in_transit,2026-09-15
SHIP-20142,ORD-10142,SUP-010,delayed,2026-10-13
SHIP-20143,ORD-10143,SUP-049,delivered,2026-09-12
SHIP-20144,ORD-10144,SUP-007,delayed,2026-09-12
SHIP-20145,ORD-10145,SUP-019,delivered,2026-09-28
SHIP-20146,ORD-10146,SUP-027,in_transit,2026-10-17
SHIP-20147,ORD-10147,SUP-032,delayed,2026-10-06
SHIP-20148,ORD-10148,SUP-003,in_transit,2026-10-01
SHIP-20149,ORD-10149,SUP-010,delayed,2026-10-19
SHIP-20150,ORD-10150,SUP-045,in_transit,2026-10-01
SHIP-20151,ORD-10151,SUP-022,delivered,2026-09-09
SHIP-20152,ORD-10152,SUP-048,delayed,2026-09-23
SHIP-20153,ORD-10153,SUP-024,preparing,2026-09-25
SHIP-20154,ORD-10154,SUP-020,in_transit,2026-10-07
SHIP-20155,ORD-10155,SUP-045,delivered,2026-09-20
SHIP-20156,ORD-10156,SUP-009,in_transit,2026-10-04
SHIP-20157,ORD-10157,SUP-050,delivered,2026-09-23
SHIP-20158,ORD-10158,SUP-047,in_transit,2026-10-17
SHIP-20159,ORD-10159,SUP-006,in_transit,2026-09-19
SHIP-20160,ORD-10160,SUP-027,delivered,2026-10-09
SHIP-20161,ORD-10161,SUP-024,delivered,2026-10-08
SHIP-20162,ORD-10162,SUP-011,preparing,2026-10-21
SHIP-20163,ORD-10163,SUP-033,in_transit,2026-10-09
SHIP-20164,ORD-10164,SUP-037,preparing,2026-09-18
SHIP-20165,ORD-10165,SUP-013,delivered,2026-09-21
SHIP-20166,ORD-10166,SUP-003,delayed,2026-09-29
SHIP-20167,ORD-10167,SUP-046,in_transit,2026-09-29
SHIP-20168,ORD-10168,SUP-030,delayed,2026-10-16
SHIP-20169,ORD-10169,SUP-008,delivered,2026-09-21
SHIP-20170,ORD-10170,SUP-024,delayed,2026-10-04
SHIP-20171,ORD-10171,SUP-012,delivered,2026-10-06
SHIP-20172,ORD-10172,SUP-038,delayed,2026-09-28
SHIP-20173,ORD-10173,SUP-011,delivered,2026-09-22
SHIP-20174,ORD-10174,SUP-048,delivered,2026-09-11
SHIP-20175,ORD-10175,SUP-019,preparing,2026-09-09
SHIP-20176,ORD-10176,SUP-011,delivered,2026-09-19
SHIP-20177,ORD-10177,SUP-015,delayed,2026-10-19
SHIP-20178,ORD-10178,SUP-014,in_transit,2026-10-02
SHIP-20179,ORD-10179,SUP-033,preparing,2026-10-19
SHIP-20180,ORD-10180,SUP-001,delayed,2026-09-14
SHIP-20181,ORD-10181,SUP-042,in_transit,2026-09-06
SHIP-20182,ORD-10182,SUP-015,in_transit,2026-09-25
SHIP-20183,ORD-10183,SUP-046,delivered,2026-10-17
SHIP-20184,ORD-10184,SUP-018,in_transit,2026-09-30
SHIP-20185,ORD-10185,SUP-023,delayed,2026-09-19
SHIP-20186,ORD-10186,SUP-030,in_transit,2026-10-09
SHIP-20187,ORD-10187,SUP-040,in_transit,2026-09-12
SHIP-20188,ORD-10188,SUP-001,delayed,2026-10-18
SHIP-20189,ORD-10189,SUP-024,delayed,2026-10-14
SHIP-20190,ORD-10190,SUP-039,in_transit,2026-10-19
SHIP-20191,ORD-10191,SUP-007,delayed,2026-09-27
SHIP-20192,ORD-10192,SUP-018,delayed,2026-09-23
SHIP-20193,ORD-10193,SUP-017,delivered,2026-10-17
SHIP-20194,ORD-10194,SUP-020,in_transit,2026-10-09
SHIP-20195,ORD-10195,SUP-049,in_transit,2026-09-09
SHIP-20196,ORD-10196,SUP-039,in_transit,2026-09-26
SHIP-20197,ORD-10197,SUP-044,in_transit,2026-09-07
SHIP-20198,ORD-10198,SUP-042,delayed,2026-09-24
SHIP-20199,ORD-10199,SUP-017,delivered,2026-10-01
SHIP-20200,ORD-10200,SUP-025,delivered,2026-10-13
SHIP-20201,ORD-10201,SUP-046,delivered,2026-09-18
SHIP-20202,ORD-10202,SUP-022,delivered,2026-09-20
SHIP-20203,ORD-10203,SUP-044,delayed,2026-10-06
SHIP-20204,ORD-10204,SUP-043,in_transit,2026-09-25
SHIP-20205,ORD-10205,SUP-011,delivered,2026-10-11
SHIP-20206,ORD-10206,SUP-012,in_transit,2026-10-06
SHIP-20207,ORD-10207,SUP-009,delivered,2026-10-11
SHIP-20208,ORD-10208,SUP-049,delivered,2026-10-19
SHIP-20209,ORD-10209,SUP-022,delivered,2026-09-20
SHIP-20210,ORD-10210,SUP-023,in_transit,2026-09-25
SHIP-20211,ORD-10211,SUP-027,delivered,2026-09-27
SHIP-20212,ORD-10212,SUP-024,in_transit,2026-09-24
SHIP-20213,ORD-10213,SUP-030,delivered,2026-10-06
SHIP-20214,ORD-10214,SUP-004,delivered,2026-10-13
SHIP-20215,ORD-10215,SUP-038,delivered,2026-09-10
SHIP-20216,ORD-10216,SUP-031,delivered,2026-10-08
SHIP-20217,ORD-10217,SUP-008,delivered,2026-09-30
SHIP-20218,ORD-10218,SUP-034,in_transit,2026-09-09
SHIP-20219,ORD-10219,SUP-010,in_transit,2026-09-18
SHIP-20220,ORD-10220,SUP-022,in_transit,2026-10-12
SHIP-20221,ORD-10221,SUP-030,in_transit,2026-10-21
SHIP-20222,ORD-10222,SUP-012,delivered,2026-10-07
SHIP-20223,ORD-10223,SUP-022,delayed,2026-09-17
SHIP-20224,ORD-10224,SUP-021,delayed,2026-09-06
SHIP-20225,ORD-10225,SUP-029,in_transit,2026-09-16
SHIP-20226,ORD-10226,SUP-037,delivered,2026-10-07
SHIP-20227,ORD-10227,SUP-049,delivered,2026-09-14
SHIP-20228,ORD-10228,SUP-040,in_transit,2026-10-03
SHIP-20229,ORD-10229,SUP-026,in_transit,2026-10-06
SHIP-20230,ORD-10230,SUP-025,preparing,2026-10-10
SHIP-20231,ORD-10231,SUP-013,delivered,2026-09-06
SHIP-20232,ORD-10232,SUP-021,delivered,2026-10-09
SHIP-20233,ORD-10233,SUP-013,preparing,2026-09-06
SHIP-20234,ORD-10234,SUP-041,delivered,2026-09-20
SHIP-20235,ORD-10235,SUP-045,delivered,2026-09-25
SHIP-20236,ORD-10236,SUP-009,in_transit,2026-10-08
SHIP-20237,ORD-10237,SUP-038,in_transit,2026-09-10
SHIP-20238,ORD-10238,SUP-003,in_transit,2026-09-24
SHIP-20239,ORD-10239,SUP-030,delivered,2026-10-14
SHIP-20240,ORD-10240,SUP-034,in_transit,2026-10-19
SHIP-20241,ORD-10241,SUP-009,in_transit,2026-10-07
SHIP-20242,ORD-10242,SUP-023,delivered,2026-09-16
SHIP-20243,ORD-10243,SUP-026,preparing,2026-09-20
SHIP-20244,ORD-10244,SUP-047,delivered,2026-09-19
SHIP-20245,ORD-10245,SUP-047,preparing,2026-10-08
SHIP-20246,ORD-10246,SUP-011,in_transit,2026-10-21
SHIP-20247,ORD-10247,SUP-042,delivered,2026-09-30
SHIP-20248,ORD-10248,SUP-041,in_transit,2026-10-10
SHIP-20249,ORD-10249,SUP-040,preparing,2026-09-09
SHIP-20250,ORD-10250,SUP-043,in_transit,2026-09-07
SHIP-20251,ORD-10251,SUP-004,delivered,2026-10-02
SHIP-20252,ORD-10252,SUP-029,in_transit,2026-10-11
SHIP-20253,ORD-10253,SUP-017,delayed,2026-09-15
SHIP-20254,ORD-10254,SUP-014,delivered,2026-10-16
SHIP-20255,ORD-10255,SUP-001,in_transit,2026-10-18
SHIP-20256,ORD-10256,SUP-007,delivered,2026-09-23
SHIP-20257,ORD-10257,SUP-040,delayed,2026-09-14
SHIP-20258,ORD-10258,SUP-027,delivered,2026-09-12
SHIP-20259,ORD-10259,SUP-033,delivered,2026-09-13
SHIP-20260,ORD-10260,SUP-019,in_transit,2026-09-12
SHIP-20261,ORD-10261,SUP-032,in_transit,2026-09-18
SHIP-20262,ORD-10262,SUP-050,in_transit,2026-10-09
SHIP-20263,ORD-10263,SUP-013,in_transit,2026-10-02
SHIP-20264,ORD-10264,SUP-019,in_transit,2026-10-11
SHIP-20265,ORD-10265,SUP-032,delivered,2026-10-20
SHIP-20266,ORD-10266,SUP-031,in_transit,2026-09-06
SHIP-20267,ORD-10267,SUP-001,delivered,2026-09-13
SHIP-20268,ORD-10268,SUP-037,delivered,2026-09-15
SHIP-20269,ORD-10269,SUP-006,delivered,2026-09-10
SHIP-20270,ORD-10270,SUP-047,delivered,2026-09-22
SHIP-20271,ORD-10271,SUP-042,in_transit,2026-09-24
SHIP-20272,ORD-10272,SUP-017,delayed,2026-09-12
SHIP-20273,ORD-10273,SUP-012,delivered,2026-09-24
SHIP-20274,ORD-10274,SUP-024,delivered,2026-09-26
SHIP-20275,ORD-10275,SUP-028,delivered,2026-09-12
SHIP-20276,ORD-10276,SUP-049,delivered,2026-09-06
SHIP-20277,ORD-10277,SUP-009,delivered,2026-09-16
SHIP-20278,ORD-10278,SUP-022,in_transit,2026-10-04
SHIP-20279,ORD-10279,SUP-040,in_transit,2026-09-11
SHIP-20280,ORD-10280,SUP-024,delivered,2026-09-17
SHIP-20281,ORD-10281,SUP-008,in_transit,2026-10-05
SHIP-20282,ORD-10282,SUP-018,delivered,2026-10-20
SHIP-20283,ORD-10283,SUP-031,delivered,2026-10-17
SHIP-20284,ORD-10284,SUP-011,in_transit,2026-10-20
SHIP-20285,ORD-10285,SUP-047,preparing,2026-09-16
SHIP-20286,ORD-10286,SUP-007,in_transit,2026-10-13
SHIP-20287,ORD-10287,SUP-031,delivered,2026-10-19
SHIP-20288,ORD-10288,SUP-029,in_transit,2026-09-30
SHIP-20289,ORD-10289,SUP-050,in_transit,2026-09-07
SHIP-20290,ORD-10290,SUP-044,delivered,2026-09-14
SHIP-20291,ORD-10291,SUP-031,delivered,2026-09-13
SHIP-20292,ORD-10292,SUP-027,in_transit,2026-09-10
SHIP-20293,ORD-10293,SUP-017,delivered,2026-09-06
SHIP-20294,ORD-10294,SUP-046,delivered,2026-10-09
SHIP-20295,ORD-10295,SUP-050,delivered,2026-10-12
SHIP-20296,ORD-10296,SUP-015,delivered,2026-10-18
SHIP-20297,ORD-10297,SUP-022,delayed,2026-10-20
SHIP-20298,ORD-10298,SUP-045,delayed,2026-10-03
SHIP-20299,ORD-10299,SUP-043,delivered,2026-10-06
SHIP-20300,ORD-10300,SUP-023,delivered,2026-10-17
SHIP-20301,ORD-10301,SUP-025,in_transit,2026-10-11
SHIP-20302,ORD-10302,SUP-040,preparing,2026-10-17
SHIP-20303,ORD-10303,SUP-011,delayed,2026-10-06
SHIP-20304,ORD-10304,SUP-032,delivered,2026-09-10
SHIP-20305,ORD-10305,SUP-049,delayed,2026-09-21
SHIP-20306,ORD-10306,SUP-022,delivered,2026-09-09
SHIP-20307,ORD-10307,SUP-033,in_transit,2026-10-17
SHIP-20308,ORD-10308,SUP-025,in_transit,2026-09-21
SHIP-20309,ORD-10309,SUP-006,delayed,2026-10-12
SHIP-20310,ORD-10310,SUP-029,preparing,2026-10-07
SHIP-20311,ORD-10311,SUP-029,in_transit,2026-10-07
SHIP-20312,ORD-10312,SUP-048,delivered,2026-09-12
SHIP-20313,ORD-10313,SUP-026,in_transit,2026-10-11
SHIP-20314,ORD-10314,SUP-036,preparing,2026-09-11
SHIP-20315,ORD-10315,SUP-039,delivered,2026-10-16
SHIP-20316,ORD-10316,SUP-020,delivered,2026-10-11
SHIP-20317,ORD-10317,SUP-014,delivered,2026-10-05
SHIP-20318,ORD-10318,SUP-022,in_transit,2026-09-09
SHIP-20319,ORD-10319,SUP-015,delivered,2026-09-27
SHIP-20320,ORD-10320,SUP-036,delivered,2026-10-14
SHIP-20321,ORD-10321,SUP-031,delivered,2026-09-29
SHIP-20322,ORD-10322,SUP-046,delayed,2026-09-12
SHIP-20323,ORD-10323,SUP-049,delivered,2026-09-06
SHIP-20324,ORD-10324,SUP-022,in_transit,2026-10-16
SHIP-20325,ORD-10325,SUP-019,delayed,2026-09-29
SHIP-20326,ORD-10326,SUP-045,in_transit,2026-09-16
SHIP-20327,ORD-10327,SUP-032,in_transit,2026-10-21
SHIP-20328,ORD-10328,SUP-048,delivered,2026-09-12
SHIP-20329,ORD-10329,SUP-017,delayed,2026-09-18
SHIP-20330,ORD-10330,SUP-008,delivered,2026-10-01
SHIP-20331,ORD-10331,SUP-014,delayed,2026-09-18
SHIP-20332,ORD-10332,SUP-046,in_transit,2026-10-02
SHIP-20333,ORD-10333,SUP-003,delivered,2026-10-19
SHIP-20334,ORD-10334,SUP-038,in_transit,2026-10-04
SHIP-20335,ORD-10335,SUP-030,delivered,2026-10-08
SHIP-20336,ORD-10336,SUP-009,delivered,2026-09-06
SHIP-20337,ORD-10337,SUP-034,delivered,2026-10-11
SHIP-20338,ORD-10338,SUP-028,delivered,2026-10-06
SHIP-20339,ORD-10339,SUP-033,delivered,2026-09-17
SHIP-20340,ORD-10340,SUP-045,delayed,2026-09-14
SHIP-20341,ORD-10341,SUP-007,in_transit,2026-10-14
SHIP-20342,ORD-10342,SUP-039,delivered,2026-10-08
SHIP-20343,ORD-10343,SUP-025,in_transit,2026-10-14
SHIP-20344,ORD-10344,SUP-045,delivered,2026-09-23
SHIP-20345,ORD-10345,SUP-026,delivered,2026-09-24
SHIP-20346,ORD-10346,SUP-029,delivered,2026-09-14
SHIP-20347,ORD-10347,SUP-027,delayed,2026-10-08
SHIP-20348,ORD-10348,SUP-020,delivered,2026-10-11
SHIP-20349,ORD-10349,SUP-021,delivered,2026-10-11
SHIP-20350,ORD-10350,SUP-041,in_transit,2026-09-19
SHIP-20351,ORD-10351,SUP-040,delivered,2026-10-19
SHIP-20352,ORD-10352,SUP-023,delivered,2026-09-14
SHIP-20353,ORD-10353,SUP-046,delivered,2026-09-17
SHIP-20354,ORD-10354,SUP-033,delayed,2026-10-16
SHIP-20355,ORD-10355,SUP-021,delivered,2026-09-28
SHIP-20356,ORD-10356,SUP-036,delayed,2026-10-12
SHIP-20357,ORD-10357,SUP-043,delivered,2026-10-19
SHIP-20358,ORD-10358,SUP-048,delivered,2026-10-10
SHIP-20359,ORD-10359,SUP-019,delivered,2026-10-03
SHIP-20360,ORD-10360,SUP-001,delayed,2026-09-07
SHIP-20361,ORD-10361,SUP-025,in_transit,2026-10-18
SHIP-20362,ORD-10362,SUP-004,in_transit,2026-09-16
SHIP-20363,ORD-10363,SUP-019,delivered,2026-09-15
SHIP-20364,ORD-10364,SUP-004,delivered,2026-09-24
SHIP-20365,ORD-10365,SUP-014,delivered,2026-09-08
SHIP-20366,ORD-10366,SUP-023,delivered,2026-09-12
SHIP-20367,ORD-10367,SUP-040,delivered,2026-10-11
SHIP-20368,ORD-10368,SUP-015,delivered,2026-10-11
SHIP-20369,ORD-10369,SUP-025,in_transit,2026-10-20
SHIP-20370,ORD-10370,SUP-019,delivered,2026-09-09
SHIP-20371,ORD-10371,SUP-025,in_transit,2026-10-19
SHIP-20372,ORD-10372,SUP-021,delivered,2026-09-09
SHIP-20373,ORD-10373,SUP-001,delivered,2026-09-18
SHIP-20374,ORD-10374,SUP-040,delivered,2026-10-04
SHIP-20375,ORD-10375,SUP-015,delivered,2026-10-21
SHIP-20376,ORD-10376,SUP-046,delayed,2026-10-13
SHIP-20377,ORD-10377,SUP-035,delivered,2026-09-18
SHIP-20378,ORD-10378,SUP-050,delivered,2026-09-18
SHIP-20379,ORD-10379,SUP-019,in_transit,2026-10-19
SHIP-20380,ORD-10380,SUP-005,in_transit,2026-09-17
SHIP-20381,ORD-10381,SUP-048,delayed,2026-09-30
SHIP-20382,ORD-10382,SUP-003,in_transit,2026-10-11
SHIP-20383,ORD-10383,SUP-017,in_transit,2026-10-13
SHIP-20384,ORD-10384,SUP-017,preparing,2026-10-05
SHIP-20385,ORD-10385,SUP-046,delivered,2026-09-08
SHIP-20386,ORD-10386,SUP-010,delivered,2026-10-14
SHIP-20387,ORD-10387,SUP-004,delivered,2026-10-16
SHIP-20388,ORD-10388,SUP-040,delivered,2026-09-25
SHIP-20389,ORD-10389,SUP-032,delivered,2026-10-11
SHIP-20390,ORD-10390,SUP-023,preparing,2026-10-21
SHIP-20391,ORD-10391,SUP-021,delayed,2026-09-17
SHIP-20392,ORD-10392,SUP-034,preparing,2026-10-08
SHIP-20393,ORD-10393,SUP-011,in_transit,2026-10-10
SHIP-20394,ORD-10394,SUP-026,preparing,2026-09-20
SHIP-20395,ORD-10395,SUP-014,delivered,2026-09-27
SHIP-20396,ORD-10396,SUP-024,in_transit,2026-10-15
SHIP-20397,ORD-10397,SUP-034,delayed,2026-10-11
SHIP-20398,ORD-10398,SUP-049,delivered,2026-09-06
SHIP-20399,ORD-10399,SUP-008,delivered,2026-10-04
SHIP-20400,ORD-10400,SUP-016,delivered,2026-10-15
SHIP-20401,ORD-10401,SUP-040,in_transit,2026-09-08
SHIP-20402,ORD-10402,SUP-044,delivered,2026-09-30
SHIP-20403,ORD-10403,SUP-008,in_transit,2026-10-10
SHIP-20404,ORD-10404,SUP-047,in_transit,2026-10-09
SHIP-20405,ORD-10405,SUP-050,in_transit,2026-10-08
SHIP-20406,ORD-10406,SUP-029,delayed,2026-09-24
SHIP-20407,ORD-10407,SUP-042,in_transit,2026-10-08
SHIP-20408,ORD-10408,SUP-006,delivered,2026-09-16
SHIP-20409,ORD-10409,SUP-050,delayed,2026-09-06
SHIP-20410,ORD-10410,SUP-041,preparing,2026-10-18
SHIP-20411,ORD-10411,SUP-041,delivered,2026-10-19
SHIP-20412,ORD-10412,SUP-028,delivered,2026-09-19
SHIP-20413,ORD-10413,SUP-035,delivered,2026-10-03
SHIP-20414,ORD-10414,SUP-042,delivered,2026-09-10
SHIP-20415,ORD-10415,SUP-048,delivered,2026-09-07
SHIP-20416,ORD-10416,SUP-030,delivered,2026-09-08
SHIP-20417,ORD-10417,SUP-006,preparing,2026-09-17
SHIP-20418,ORD-10418,SUP-017,delayed,2026-10-12
SHIP-20419,ORD-10419,SUP-015,delivered,2026-10-02
SHIP-20420,ORD-10420,SUP-025,delayed,2026-10-01
SHIP-20421,ORD-10421,SUP-028,in_transit,2026-09-30
SHIP-20422,ORD-10422,SUP-044,in_transit,2026-09-06
SHIP-20423,ORD-10423,SUP-042,delivered,2026-09-10
SHIP-20424,ORD-10424,SUP-049,delivered,2026-09-08
SHIP-20425,ORD-10425,SUP-045,delivered,2026-09-28
SHIP-20426,ORD-10426,SUP-033,in_transit,2026-10-19
SHIP-20427,ORD-10427,SUP-020,delayed,2026-09-24
SHIP-20428,ORD-10428,SUP-049,delivered,2026-09-30
SHIP-20429,ORD-10429,SUP-026,delivered,2026-09-07
SHIP-20430,ORD-10430,SUP-031,in_transit,2026-09-20
SHIP-20431,ORD-10431,SUP-009,delivered,2026-10-10
SHIP-20432,ORD-10432,SUP-019,delivered,2026-09-15
SHIP-20433,ORD-10433,SUP-020,delivered,2026-10-17
SHIP-20434,ORD-10434,SUP-024,delivered,2026-09-06
SHIP-20435,ORD-10435,SUP-036,delivered,2026-09-15
SHIP-20436,ORD-10436,SUP-008,preparing,2026-10-12
SHIP-20437,ORD-10437,SUP-039,in_transit,2026-10-11
SHIP-20438,ORD-10438,SUP-006,in_transit,2026-09-28
SHIP-20439,ORD-10439,SUP-014,in_transit,2026-10-17
SHIP-20440,ORD-10440,SUP-033,in_transit,2026-09-17
SHIP-20441,ORD-10441,SUP-015,delayed,2026-09-22
SHIP-20442,ORD-10442,SUP-013,in_transit,2026-10-18
SHIP-20443,ORD-10443,SUP-037,delivered,2026-10-11
SHIP-20444,ORD-10444,SUP-030,delayed,2026-09-10
SHIP-20445,ORD-10445,SUP-019,delivered,2026-09-22
SHIP-20446,ORD-10446,SUP-007,in_transit,2026-10-13
SHIP-20447,ORD-10447,SUP-032,delivered,2026-09-28
SHIP-20448,ORD-10448,SUP-009,delivered,2026-09-21
SHIP-20449,ORD-10449,SUP-007,in_transit,2026-09-10
SHIP-20450,ORD-10450,SUP-013,in_transit,2026-10-04
SHIP-20451,ORD-10451,SUP-022,delayed,2026-09-25
SHIP-20452,ORD-10452,SUP-045,delayed,2026-10-12
SHIP-20453,ORD-10453,SUP-037,in_transit,2026-09-26
SHIP-20454,ORD-10454,SUP-028,in_transit,2026-09-26
SHIP-20455,ORD-10455,SUP-016,delivered,2026-10-21
SHIP-20456,ORD-10456,SUP-048,delayed,2026-09-23
SHIP-20457,ORD-10457,SUP-024,in_transit,2026-09-27
SHIP-20458,ORD-10458,SUP-031,delayed,2026-09-28
SHIP-20459,ORD-10459,SUP-050,in_transit,2026-10-11
SHIP-20460,ORD-10460,SUP-007,in_transit,2026-10-14
SHIP-20461,ORD-10461,SUP-006,delivered,2026-09-14
SHIP-20462,ORD-10462,SUP-035,in_transit,2026-10-16
SHIP-20463,ORD-10463,SUP-005,delivered,2026-09-07
SHIP-20464,ORD-10464,SUP-033,delayed,2026-10-13
SHIP-20465,ORD-10465,SUP-038,in_transit,2026-10-13
SHIP-20466,ORD-10466,SUP-014,delivered,2026-10-11
SHIP-20467,ORD-10467,SUP-017,delayed,2026-10-10
SHIP-20468,ORD-10468,SUP-031,delivered,2026-09-15
SHIP-20469,ORD-10469,SUP-024,in_transit,2026-10-13
SHIP-20470,ORD-10470,SUP-047,delivered,2026-09-14
SHIP-20471,ORD-10471,SUP-030,delayed,2026-09-11
SHIP-20472,ORD-10472,SUP-026,in_transit,2026-09-06
SHIP-20473,ORD-10473,SUP-043,in_transit,2026-10-15
SHIP-20474,ORD-10474,SUP-044,in_transit,2026-10-08
SHIP-20475,ORD-10475,SUP-009,in_transit,2026-09-17
SHIP-20476,ORD-10476,SUP-037,delivered,2026-10-18
SHIP-20477,ORD-10477,SUP-010,delivered,2026-10-06
SHIP-20478,ORD-10478,SUP-023,preparing,2026-10-07
SHIP-20479,ORD-10479,SUP-015,preparing,2026-09-29
SHIP-20480,ORD-10480,SUP-015,preparing,2026-09-19
SHIP-20481,ORD-10481,SUP-034,delivered,2026-09-29
SHIP-20482,ORD-10482,SUP-017,delayed,2026-09-16
SHIP-20483,ORD-10483,SUP-003,preparing,2026-10-17
SHIP-20484,ORD-10484,SUP-021,in_transit,2026-10-09
SHIP-20485,ORD-10485,SUP-041,delivered,2026-09-22
SHIP-20486,ORD-10486,SUP-038,delayed,2026-09-17
SHIP-20487,ORD-10487,SUP-025,delivered,2026-09-29
SHIP-20488,ORD-10488,SUP-038,delivered,2026-09-10
SHIP-20489,ORD-10489,SUP-034,in_transit,2026-09-20
SHIP-20490,ORD-10490,SUP-034,in_transit,2026-09-28
SHIP-20491,ORD-10491,SUP-032,delivered,2026-10-14
SHIP-20492,ORD-10492,SUP-001,delayed,2026-09-14
SHIP-20493,ORD-10493,SUP-029,in_transit,2026-09-10
SHIP-20494,ORD-10494,SUP-033,delayed,2026-09-19
SHIP-20495,ORD-10495,SUP-010,in_transit,2026-09-29
SHIP-20496,ORD-10496,SUP-039,delivered,2026-09-13
SHIP-20497,ORD-10497,SUP-043,in_transit,2026-09-27
SHIP-20498,ORD-10498,SUP-047,in_transit,2026-10-19
SHIP-20499,ORD-10499,SUP-031,delayed,2026-10-13
SHIP-20500,ORD-10500,SUP-011,delayed,2026-10-02
SHIP-20501,ORD-10501,SUP-002,in_transit,2026-09-14
SHIP-20502,ORD-10502,SUP-037,delayed,2026-09-14
SHIP-20503,ORD-10503,SUP-041,delayed,2026-10-12
SHIP-20504,ORD-10504,SUP-010,preparing,2026-09-22
SHIP-20505,ORD-10505,SUP-012,delayed,2026-10-01
SHIP-20506,ORD-10506,SUP-039,delivered,2026-10-16
SHIP-20507,ORD-10507,SUP-002,delivered,2026-10-18
SHIP-20508,ORD-10508,SUP-019,delivered,2026-09-19
SHIP-20509,ORD-10509,SUP-029,delayed,2026-10-06
SHIP-20510,ORD-10510,SUP-031,in_transit,2026-10-02
SHIP-20511,ORD-10511,SUP-039,in_transit,2026-10-13
SHIP-20512,ORD-10512,SUP-050,in_transit,2026-10-18
SHIP-20513,ORD-10513,SUP-033,in_transit,2026-10-19
SHIP-20514,ORD-10514,SUP-022,delivered,2026-10-14
SHIP-20515,ORD-10515,SUP-038,preparing,2026-09-30
SHIP-20516,ORD-10516,SUP-025,in_transit,2026-09-07
SHIP-20517,ORD-10517,SUP-013,delayed,2026-10-08
SHIP-20518,ORD-10518,SUP-044,in_transit,2026-09-15
SHIP-20519,ORD-10519,SUP-039,preparing,2026-10-06
SHIP-20520,ORD-10520,SUP-040,delayed,2026-10-10
SHIP-20521,ORD-10521,SUP-033,delivered,2026-09-11
SHIP-20522,ORD-10522,SUP-031,delivered,2026-10-14
SHIP-20523,ORD-10523,SUP-035,delivered,2026-10-19
SHIP-20524,ORD-10524,SUP-042,in_transit,2026-10-02
SHIP-20525,ORD-10525,SUP-024,delivered,2026-10-20
SHIP-20526,ORD-10526,SUP-034,in_transit,2026-10-06
SHIP-20527,ORD-10527,SUP-050,in_transit,2026-10-13
SHIP-20528,ORD-10528,SUP-048,delivered,2026-10-20
SHIP-20529,ORD-10529,SUP-037,preparing,2026-09-14
SHIP-20530,ORD-10530,SUP-017,delayed,2026-09-20
SHIP-20531,ORD-10531,SUP-006,in_transit,2026-10-10
SHIP-20532,ORD-10532,SUP-027,in_transit,2026-09-06
SHIP-20533,ORD-10533,SUP-046,delivered,2026-09-06
SHIP-20534,ORD-10534,SUP-037,delayed,2026-10-09
SHIP-20535,ORD-10535,SUP-001,in_transit,2026-09-19
SHIP-20536,ORD-10536,SUP-045,delivered,2026-10-02
SHIP-20537,ORD-10537,SUP-024,in_transit,2026-10-03
SHIP-20538,ORD-10538,SUP-042,delayed,2026-09-22
SHIP-20539,ORD-10539,SUP-035,in_transit,2026-09-29
SHIP-20540,ORD-10540,SUP-040,in_transit,2026-10-19
SHIP-20541,ORD-10541,SUP-026,delivered,2026-10-02
SHIP-20542,ORD-10542,SUP-036,delivered,2026-10-06
SHIP-20543,ORD-10543,SUP-012,in_transit,2026-10-11
SHIP-20544,ORD-10544,SUP-031,in_transit,2026-09-25
SHIP-20545,ORD-10545,SUP-037,in_transit,2026-10-21
SHIP-20546,ORD-10546,SUP-026,delivered,2026-10-18
SHIP-20547,ORD-10547,SUP-008,delivered,2026-10-04
SHIP-20548,ORD-10548,SUP-045,delivered,2026-09-12
SHIP-20549,ORD-10549,SUP-014,delayed,2026-09-27
SHIP-20550,ORD-10550,SUP-036,delayed,2026-10-19
SHIP-20551,ORD-10551,SUP-046,preparing,2026-09-30
SHIP-20552,ORD-10552,SUP-041,preparing,2026-09-11
SHIP-20553,ORD-10553,SUP-010,delayed,2026-10-14
SHIP-20554,ORD-10554,SUP-028,preparing,2026-09-22
SHIP-20555,ORD-10555,SUP-015,in_transit,2026-10-14
SHIP-20556,ORD-10556,SUP-003,delivered,2026-10-01
SHIP-20557,ORD-10557,SUP-040,delivered,2026-09-24
SHIP-20558,ORD-10558,SUP-046,delivered,2026-09-09
SHIP-20559,ORD-10559,SUP-050,delivered,2026-10-16
SHIP-20560,ORD-10560,SUP-032,in_transit,2026-09-18
SHIP-20561,ORD-10561,SUP-043,delivered,2026-10-09
SHIP-20562,ORD-10562,SUP-019,in_transit,2026-10-14
SHIP-20563,ORD-10563,SUP-033,delayed,2026-09-20
SHIP-20564,ORD-10564,SUP-040,in_transit,2026-09-08
SHIP-20565,ORD-10565,SUP-024,in_transit,2026-09-06
SHIP-20566,ORD-10566,SUP-011,preparing,2026-09-23
SHIP-20567,ORD-10567,SUP-050,in_transit,2026-10-18
SHIP-20568,ORD-10568,SUP-026,in_transit,2026-09-18
SHIP-20569,ORD-10569,SUP-034,preparing,2026-10-21
SHIP-20570,ORD-10570,SUP-005,delivered,2026-10-11
SHIP-20571,ORD-10571,SUP-019,delivered,2026-10-11
SHIP-20572,ORD-10572,SUP-038,in_transit,2026-09-23
SHIP-20573,ORD-10573,SUP-015,delayed,2026-09-18
SHIP-20574,ORD-10574,SUP-030,delivered,2026-10-12
SHIP-20575,ORD-10575,SUP-001,in_transit,2026-10-02
SHIP-20576,ORD-10576,SUP-033,in_transit,2026-09-10
SHIP-20577,ORD-10577,SUP-033,in_transit,2026-09-13
SHIP-20578,ORD-10578,SUP-033,delivered,2026-10-10
SHIP-20579,ORD-10579,SUP-037,in_transit,2026-10-04
SHIP-20580,ORD-10580,SUP-025,delayed,2026-09-21
SHIP-20581,ORD-10581,SUP-049,in_transit,2026-10-05
SHIP-20582,ORD-10582,SUP-044,delayed,2026-10-13
SHIP-20583,ORD-10583,SUP-002,delayed,2026-09-22
SHIP-20584,ORD-10584,SUP-005,in_transit,2026-09-20
SHIP-20585,ORD-10585,SUP-044,delivered,2026-09-26
SHIP-20586,ORD-10586,SUP-027,delivered,2026-10-09
SHIP-20587,ORD-10587,SUP-035,preparing,2026-09-22
SHIP-20588,ORD-10588,SUP-016,in_transit,2026-10-01
SHIP-20589,ORD-10589,SUP-044,delivered,2026-09-27
SHIP-20590,ORD-10590,SUP-005,delayed,2026-09-17
SHIP-20591,ORD-10591,SUP-031,in_transit,2026-09-19
SHIP-20592,ORD-10592,SUP-037,in_transit,2026-10-19
SHIP-20593,ORD-10593,SUP-013,delayed,2026-09-18
SHIP-20594,ORD-10594,SUP-016,delivered,2026-09-22
SHIP-20595,ORD-10595,SUP-014,in_transit,2026-09-21
SHIP-20596,ORD-10596,SUP-040,in_transit,2026-09-12
SHIP-20597,ORD-10597,SUP-008,delivered,2026-10-19
SHIP-20598,ORD-10598,SUP-043,delayed,2026-09-06
SHIP-20599,ORD-10599,SUP-049,delivered,2026-09-08
SHIP-20600,ORD-10600,SUP-031,in_transit,2026-09-26
SHIP-20601,ORD-10601,SUP-032,delivered,2026-10-12
SHIP-20602,ORD-10602,SUP-018,delayed,2026-10-08
SHIP-20603,ORD-10603,SUP-018,in_transit,2026-10-12
SHIP-20604,ORD-10604,SUP-009,preparing,2026-10-03
SHIP-20605,ORD-10605,SUP-031,delivered,2026-09-08
SHIP-20606,ORD-10606,SUP-033,in_transit,2026-10-19
SHIP-20607,ORD-10607,SUP-050,in_transit,2026-09-13
SHIP-20608,ORD-10608,SUP-045,delayed,2026-09-26
SHIP-20609,ORD-10609,SUP-045,preparing,2026-10-19
SHIP-20610,ORD-10610,SUP-014,in_transit,2026-09-12
SHIP-20611,ORD-10611,SUP-021,in_transit,2026-09-22
SHIP-20612,ORD-10612,SUP-012,delayed,2026-09-21
SHIP-20613,ORD-10613,SUP-018,delayed,2026-10-15
SHIP-20614,ORD-10614,SUP-022,in_transit,2026-10-07
SHIP-20615,ORD-10615,SUP-028,in_transit,2026-10-20
SHIP-20616,ORD-10616,SUP-049,in_transit,2026-10-01
SHIP-20617,ORD-10617,SUP-018,delayed,2026-10-12
SHIP-20618,ORD-10618,SUP-009,delivered,2026-10-19
SHIP-20619,ORD-10619,SUP-015,delivered,2026-09-23
SHIP-20620,ORD-10620,SUP-016,delayed,2026-09-30
SHIP-20621,ORD-10621,SUP-013,in_transit,2026-09-15
SHIP-20622,ORD-10622,SUP-031,delivered,2026-09-17
SHIP-20623,ORD-10623,SUP-027,delayed,2026-10-16
SHIP-20624,ORD-10624,SUP-034,delayed,2026-09-26
SHIP-20625,ORD-10625,SUP-032,in_transit,2026-10-11
SHIP-20626,ORD-10626,SUP-037,preparing,2026-09-12
SHIP-20627,ORD-10627,SUP-045,in_transit,2026-09-19
SHIP-20628,ORD-10628,SUP-017,delayed,2026-10-16
SHIP-20629,ORD-10629,SUP-007,in_transit,2026-09-27
SHIP-20630,ORD-10630,SUP-017,in_transit,2026-10-11
SHIP-20631,ORD-10631,SUP-036,delivered,2026-09-22
SHIP-20632,ORD-10632,SUP-023,preparing,2026-09-13
SHIP-20633,ORD-10633,SUP-023,delivered,2026-10-14
SHIP-20634,ORD-10634,SUP-013,delayed,2026-10-17
SHIP-20635,ORD-10635,SUP-042,delayed,2026-09-24
SHIP-20636,ORD-10636,SUP-023,in_transit,2026-10-08
SHIP-20637,ORD-10637,SUP-032,delivered,2026-10-04
SHIP-20638,ORD-10638,SUP-006,in_transit,2026-09-24
SHIP-20639,ORD-10639,SUP-030,delayed,2026-09-15
SHIP-20640,ORD-10640,SUP-011,delayed,2026-09-27
SHIP-20641,ORD-10641,SUP-027,delayed,2026-10-12
SHIP-20642,ORD-10642,SUP-026,delivered,2026-09-10
SHIP-20643,ORD-10643,SUP-006,in_transit,2026-09-20
SHIP-20644,ORD-10644,SUP-021,in_transit,2026-09-24
SHIP-20645,ORD-10645,SUP-046,in_transit,2026-10-17
SHIP-20646,ORD-10646,SUP-026,in_transit,2026-10-04
SHIP-20647,ORD-10647,SUP-050,delivered,2026-09-29
SHIP-20648,ORD-10648,SUP-048,delayed,2026-10-04
SHIP-20649,ORD-10649,SUP-027,in_transit,2026-09-07
SHIP-20650,ORD-10650,SUP-009,delivered,2026-10-18
SHIP-20651,ORD-10651,SUP-017,delivered,2026-10-20
SHIP-20652,ORD-10652,SUP-048,preparing,2026-09-16
SHIP-20653,ORD-10653,SUP-026,in_transit,2026-09-10
SHIP-20654,ORD-10654,SUP-031,delayed,2026-09-07
SHIP-20655,ORD-10655,SUP-050,in_transit,2026-09-11
SHIP-20656,ORD-10656,SUP-007,in_transit,2026-09-15
SHIP-20657,ORD-10657,SUP-006,delivered,2026-09-30
SHIP-20658,ORD-10658,SUP-020,in_transit,2026-09-24
SHIP-20659,ORD-10659,SUP-029,delayed,2026-09-14
SHIP-20660,ORD-10660,SUP-034,delivered,2026-09-07
SHIP-20661,ORD-10661,SUP-003,delivered,2026-09-26
SHIP-20662,ORD-10662,SUP-031,delayed,2026-10-10
SHIP-20663,ORD-10663,SUP-018,delayed,2026-09-14
SHIP-20664,ORD-10664,SUP-045,delayed,2026-10-13
SHIP-20665,ORD-10665,SUP-039,delayed,2026-10-16
SHIP-20666,ORD-10666,SUP-037,in_transit,2026-10-16
SHIP-20667,ORD-10667,SUP-041,delayed,2026-09-28
SHIP-20668,ORD-10668,SUP-031,delayed,2026-09-11
SHIP-20669,ORD-10669,SUP-029,in_transit,2026-10-02
SHIP-20670,ORD-10670,SUP-017,in_transit,2026-09-06
SHIP-20671,ORD-10671,SUP-001,delayed,2026-09-14
SHIP-20672,ORD-10672,SUP-023,in_transit,2026-10-10
SHIP-20673,ORD-10673,SUP-001,delivered,2026-10-07
SHIP-20674,ORD-10674,SUP-049,delayed,2026-09-06
SHIP-20675,ORD-10675,SUP-050,in_transit,2026-09-24
SHIP-20676,ORD-10676,SUP-039,in_transit,2026-09-06
SHIP-20677,ORD-10677,SUP-036,in_transit,2026-10-02
SHIP-20678,ORD-10678,SUP-036,in_transit,2026-09-21
SHIP-20679,ORD-10679,SUP-011,delivered,2026-10-17
SHIP-20680,ORD-10680,SUP-025,delivered,2026-09-20
SHIP-20681,ORD-10681,SUP-017,preparing,2026-10-16
SHIP-20682,ORD-10682,SUP-016,delayed,2026-10-15
SHIP-20683,ORD-10683,SUP-045,delivered,2026-09-24
SHIP-20684,ORD-10684,SUP-042,delivered,2026-09-23
SHIP-20685,ORD-10685,SUP-027,in_transit,2026-09-10
SHIP-20686,ORD-10686,SUP-012,in_transit,2026-09-13
SHIP-20687,ORD-10687,SUP-041,delayed,2026-10-04
SHIP-20688,ORD-10688,SUP-018,delivered,2026-10-07
SHIP-20689,ORD-10689,SUP-013,in_transit,2026-09-15
SHIP-20690,ORD-10690,SUP-004,delivered,2026-09-07
SHIP-20691,ORD-10691,SUP-012,delivered,2026-09-24
SHIP-20692,ORD-10692,SUP-018,in_transit,2026-10-04
SHIP-20693,ORD-10693,SUP-047,preparing,2026-09-11
SHIP-20694,ORD-10694,SUP-010,preparing,2026-09-19
SHIP-20695,ORD-10695,SUP-022,in_transit,2026-10-07
SHIP-20696,ORD-10696,SUP-024,delayed,2026-09-08
SHIP-20697,ORD-10697,SUP-022,preparing,2026-09-15
SHIP-20698,ORD-10698,SUP-004,in_transit,2026-10-01
SHIP-20699,ORD-10699,SUP-005,delayed,2026-09-17
SHIP-20700,ORD-10700,SUP-013,delivered,2026-09-22
SHIP-20701,ORD-10701,SUP-025,delivered,2026-09-13
SHIP-20702,ORD-10702,SUP-050,delivered,2026-09-30
SHIP-20703,ORD-10703,SUP-050,delivered,2026-09-21
SHIP-20704,ORD-10704,SUP-048,delivered,2026-09-18
SHIP-20705,ORD-10705,SUP-030,delivered,2026-09-12
SHIP-20706,ORD-10706,SUP-034,delivered,2026-09-19
SHIP-20707,ORD-10707,SUP-031,in_transit,2026-09-25
SHIP-20708,ORD-10708,SUP-021,in_transit,2026-09-08
SHIP-20709,ORD-10709,SUP-048,delivered,2026-10-09
SHIP-20710,ORD-10710,SUP-008,in_transit,2026-10-16
SHIP-20711,ORD-10711,SUP-020,in_transit,2026-09-09
SHIP-20712,ORD-10712,SUP-043,in_transit,2026-09-13
SHIP-20713,ORD-10713,SUP-016,delayed,2026-09-26
SHIP-20714,ORD-10714,SUP-001,in_transit,2026-09-23
SHIP-20715,ORD-10715,SUP-038,in_transit,2026-09-21
SHIP-20716,ORD-10716,SUP-001,delivered,2026-10-13
SHIP-20717,ORD-10717,SUP-045,delayed,2026-10-14
SHIP-20718,ORD-10718,SUP-010,in_transit,2026-09-11
SHIP-20719,ORD-10719,SUP-016,in_transit,2026-09-11
SHIP-20720,ORD-10720,SUP-044,delayed,2026-10-16
SHIP-20721,ORD-10721,SUP-004,preparing,2026-10-17
SHIP-20722,ORD-10722,SUP-010,delivered,2026-09-12
SHIP-20723,ORD-10723,SUP-009,delayed,2026-09-26
SHIP-20724,ORD-10724,SUP-036,delivered,2026-09-28
SHIP-20725,ORD-10725,SUP-029,delivered,2026-09-07
SHIP-20726,ORD-10726,SUP-045,in_transit,2026-09-14
SHIP-20727,ORD-10727,SUP-017,delivered,2026-10-07
SHIP-20728,ORD-10728,SUP-046,in_transit,2026-09-24
SHIP-20729,ORD-10729,SUP-035,delivered,2026-09-18
SHIP-20730,ORD-10730,SUP-037,in_transit,2026-09-28
SHIP-20731,ORD-10731,SUP-021,delivered,2026-09-23
SHIP-20732,ORD-10732,SUP-039,delivered,2026-10-11
SHIP-20733,ORD-10733,SUP-011,preparing,2026-09-15
SHIP-20734,ORD-10734,SUP-029,in_transit,2026-09-22
SHIP-20735,ORD-10735,SUP-035,in_transit,2026-09-06
SHIP-20736,ORD-10736,SUP-050,delayed,2026-09-30
SHIP-20737,ORD-10737,SUP-047,in_transit,2026-09-07
SHIP-20738,ORD-10738,SUP-040,delivered,2026-10-15
SHIP-20739,ORD-10739,SUP-016,in_transit,2026-09-10
SHIP-20740,ORD-10740,SUP-043,delivered,2026-09-30
SHIP-20741,ORD-10741,SUP-013,delayed,2026-10-07
SHIP-20742,ORD-10742,SUP-050,delayed,2026-10-15
SHIP-20743,ORD-10743,SUP-019,in_transit,2026-10-17
SHIP-20744,ORD-10744,SUP-021,in_transit,2026-10-09
SHIP-20745,ORD-10745,SUP-043,preparing,2026-09-14
SHIP-20746,ORD-10746,SUP-012,delivered,2026-09-18
SHIP-20747,ORD-10747,SUP-007,delayed,2026-09-12
SHIP-20748,ORD-10748,SUP-003,delayed,2026-09-30
SHIP-20749,ORD-10749,SUP-043,delayed,2026-10-15
SHIP-20750,ORD-10750,SUP-045,delayed,2026-09-09
SHIP-20751,ORD-10751,SUP-024,in_transit,2026-10-21
SHIP-20752,ORD-10752,SUP-005,preparing,2026-09-19
SHIP-20753,ORD-10753,SUP-042,delayed,2026-09-11
SHIP-20754,ORD-10754,SUP-030,delivered,2026-09-09
SHIP-20755,ORD-10755,SUP-024,delayed,2026-10-02
SHIP-20756,ORD-10756,SUP-024,delivered,2026-09-09
SHIP-20757,ORD-10757,SUP-040,in_transit,2026-09-08
SHIP-20758,ORD-10758,SUP-047,preparing,2026-09-25
SHIP-20759,ORD-10759,SUP-005,delivered,2026-10-09
SHIP-20760,ORD-10760,SUP-007,in_transit,2026-09-20
SHIP-20761,ORD-10761,SUP-035,in_transit,2026-09-18
SHIP-20762,ORD-10762,SUP-034,delivered,2026-10-12
SHIP-20763,ORD-10763,SUP-041,delivered,2026-10-11
SHIP-20764,ORD-10764,SUP-048,delayed,2026-09-12
SHIP-20765,ORD-10765,SUP-050,delayed,2026-09-28
SHIP-20766,ORD-10766,SUP-044,delayed,2026-10-18
SHIP-20767,ORD-10767,SUP-028,delivered,2026-09-16
SHIP-20768,ORD-10768,SUP-012,delayed,2026-10-08
SHIP-20769,ORD-10769,SUP-022,delivered,2026-10-10
SHIP-20770,ORD-10770,SUP-039,in_transit,2026-09-28
SHIP-20771,ORD-10771,SUP-021,delayed,2026-09-26
SHIP-20772,ORD-10772,SUP-024,in_transit,2026-10-16
SHIP-20773,ORD-10773,SUP-028,delivered,2026-09-26
SHIP-20774,ORD-10774,SUP-039,in_transit,2026-10-10
SHIP-20775,ORD-10775,SUP-014,in_transit,2026-10-11
SHIP-20776,ORD-10776,SUP-048,in_transit,2026-10-04
SHIP-20777,ORD-10777,SUP-029,delivered,2026-09-06
SHIP-20778,ORD-10778,SUP-047,preparing,2026-09-24
SHIP-20779,ORD-10779,SUP-039,preparing,2026-09-14
SHIP-20780,ORD-10780,SUP-020,preparing,2026-09-20
SHIP-20781,ORD-10781,SUP-014,delivered,2026-09-07
SHIP-20782,ORD-10782,SUP-050,delivered,2026-10-20
SHIP-20783,ORD-10783,SUP-018,delivered,2026-10-08
SHIP-20784,ORD-10784,SUP-036,delayed,2026-10-12
SHIP-20785,ORD-10785,SUP-010,preparing,2026-10-05
SHIP-20786,ORD-10786,SUP-023,in_transit,2026-09-22
SHIP-20787,ORD-10787,SUP-024,delivered,2026-09-21
SHIP-20788,ORD-10788,SUP-015,in_transit,2026-09-25
SHIP-20789,ORD-10789,SUP-006,delayed,2026-10-12
SHIP-20790,ORD-10790,SUP-014,delivered,2026-09-26
SHIP-20791,ORD-10791,SUP-031,in_transit,2026-10-20
SHIP-20792,ORD-10792,SUP-045,delayed,2026-09-12
SHIP-20793,ORD-10793,SUP-039,delayed,2026-09-08
SHIP-20794,ORD-10794,SUP-047,delivered,2026-09-30
SHIP-20795,ORD-10795,SUP-006,delivered,2026-09-27
SHIP-20796,ORD-10796,SUP-023,delivered,2026-10-03
SHIP-20797,ORD-10797,SUP-027,delivered,2026-09-13
SHIP-20798,ORD-10798,SUP-050,in_transit,2026-10-17
SHIP-20799,ORD-10799,SUP-039,delivered,2026-10-16
SHIP-20800,ORD-10800,SUP-050,delayed,2026-09-09
SHIP-20801,ORD-10801,SUP-020,delayed,2026-09-26
SHIP-20802,ORD-10802,SUP-035,delayed,2026-09-26
SHIP-20803,ORD-10803,SUP-033,delivered,2026-09-15
SHIP-20804,ORD-10804,SUP-004,delivered,2026-10-01
SHIP-20805,ORD-10805,SUP-029,delivered,2026-10-12
SHIP-20806,ORD-10806,SUP-033,preparing,2026-10-03
SHIP-20807,ORD-10807,SUP-019,delivered,2026-09-15
SHIP-20808,ORD-10808,SUP-009,in_transit,2026-10-06
SHIP-20809,ORD-10809,SUP-037,delivered,2026-10-11
SHIP-20810,ORD-10810,SUP-026,in_transit,2026-10-01
SHIP-20811,ORD-10811,SUP-033,in_transit,2026-10-20
SHIP-20812,ORD-10812,SUP-009,delivered,2026-10-06
SHIP-20813,ORD-10813,SUP-036,in_transit,2026-10-01
SHIP-20814,ORD-10814,SUP-042,delayed,2026-10-11
SHIP-20815,ORD-10815,SUP-040,delivered,2026-10-09
SHIP-20816,ORD-10816,SUP-016,in_transit,2026-09-23
SHIP-20817,ORD-10817,SUP-050,in_transit,2026-10-19
SHIP-20818,ORD-10818,SUP-037,preparing,2026-10-18
SHIP-20819,ORD-10819,SUP-027,in_transit,2026-09-28
SHIP-20820,ORD-10820,SUP-013,in_transit,2026-10-14
SHIP-20821,ORD-10821,SUP-042,preparing,2026-09-25
SHIP-20822,ORD-10822,SUP-011,delivered,2026-10-15
SHIP-20823,ORD-10823,SUP-029,delayed,2026-10-04
SHIP-20824,ORD-10824,SUP-003,delivered,2026-09-20
SHIP-20825,ORD-10825,SUP-013,delivered,2026-09-15
SHIP-20826,ORD-10826,SUP-049,delivered,2026-09-11
SHIP-20827,ORD-10827,SUP-008,delivered,2026-09-21
SHIP-20828,ORD-10828,SUP-040,delivered,2026-09-24
SHIP-20829,ORD-10829,SUP-001,in_transit,2026-09-13
SHIP-20830,ORD-10830,SUP-020,delayed,2026-09-07
SHIP-20831,ORD-10831,SUP-022,in_transit,2026-10-10
SHIP-20832,ORD-10832,SUP-014,in_transit,2026-10-09
SHIP-20833,ORD-10833,SUP-049,in_transit,2026-10-06
SHIP-20834,ORD-10834,SUP-040,delivered,2026-09-15
SHIP-20835,ORD-10835,SUP-045,delivered,2026-09-07
SHIP-20836,ORD-10836,SUP-025,delayed,2026-10-18
SHIP-20837,ORD-10837,SUP-034,preparing,2026-09-16
SHIP-20838,ORD-10838,SUP-004,in_transit,2026-10-20
SHIP-20839,ORD-10839,SUP-040,in_transit,2026-10-05
SHIP-20840,ORD-10840,SUP-042,delivered,2026-09-10
SHIP-20841,ORD-10841,SUP-025,delivered,2026-10-18
SHIP-20842,ORD-10842,SUP-043,in_transit,2026-09-12
SHIP-20843,ORD-10843,SUP-002,in_transit,2026-10-17
SHIP-20844,ORD-10844,SUP-025,in_transit,2026-09-30
SHIP-20845,ORD-10845,SUP-033,delivered,2026-09-12
SHIP-20846,ORD-10846,SUP-021,delayed,2026-10-14
SHIP-20847,ORD-10847,SUP-035,preparing,2026-09-18
SHIP-20848,ORD-10848,SUP-033,delivered,2026-10-11
SHIP-20849,ORD-10849,SUP-046,preparing,2026-09-21
SHIP-20850,ORD-10850,SUP-034,in_transit,2026-10-07
SHIP-20851,ORD-10851,SUP-026,delivered,2026-09-07
SHIP-20852,ORD-10852,SUP-023,delivered,2026-09-28
SHIP-20853,ORD-10853,SUP-041,in_transit,2026-10-08
SHIP-20854,ORD-10854,SUP-018,delivered,2026-10-16
SHIP-20855,ORD-10855,SUP-017,delivered,2026-09-07
SHIP-20856,ORD-10856,SUP-036,delivered,2026-09-20
SHIP-20857,ORD-10857,SUP-010,in_transit,2026-10-01
SHIP-20858,ORD-10858,SUP-043,in_transit,2026-09-30
SHIP-20859,ORD-10859,SUP-034,delivered,2026-10-15
SHIP-20860,ORD-10860,SUP-041,delivered,2026-10-02
SHIP-20861,ORD-10861,SUP-016,delayed,2026-10-03
SHIP-20862,ORD-10862,SUP-020,delivered,2026-09-27
SHIP-20863,ORD-10863,SUP-029,delayed,2026-09-19
SHIP-20864,ORD-10864,SUP-042,in_transit,2026-10-10
SHIP-20865,ORD-10865,SUP-044,delivered,2026-09-14
SHIP-20866,ORD-10866,SUP-020,delivered,2026-10-09
SHIP-20867,ORD-10867,SUP-009,in_transit,2026-09-15
SHIP-20868,ORD-10868,SUP-042,delivered,2026-09-16
SHIP-20869,ORD-10869,SUP-021,preparing,2026-10-10
SHIP-20870,ORD-10870,SUP-047,in_transit,2026-09-26
SHIP-20871,ORD-10871,SUP-010,delivered,2026-09-26
SHIP-20872,ORD-10872,SUP-027,delivered,2026-09-25
SHIP-20873,ORD-10873,SUP-029,delivered,2026-10-16
SHIP-20874,ORD-10874,SUP-048,in_transit,2026-09-18
SHIP-20875,ORD-10875,SUP-007,in_transit,2026-09-07
SHIP-20876,ORD-10876,SUP-049,delivered,2026-10-15
SHIP-20877,ORD-10877,SUP-018,delayed,2026-10-15
SHIP-20878,ORD-10878,SUP-015,delayed,2026-09-20
SHIP-20879,ORD-10879,SUP-044,preparing,2026-09-11
SHIP-20880,ORD-10880,SUP-045,delivered,2026-09-14
SHIP-20881,ORD-10881,SUP-033,delivered,2026-10-06
SHIP-20882,ORD-10882,SUP-046,delayed,2026-09-17
SHIP-20883,ORD-10883,SUP-025,delayed,2026-09-14
SHIP-20884,ORD-10884,SUP-011,in_transit,2026-09-08
SHIP-20885,ORD-10885,SUP-027,delivered,2026-09-06
SHIP-20886,ORD-10886,SUP-018,delivered,2026-09-20
SHIP-20887,ORD-10887,SUP-048,delivered,2026-09-18
SHIP-20888,ORD-10888,SUP-049,in_transit,2026-09-17
SHIP-20889,ORD-10889,SUP-029,delivered,2026-10-07
SHIP-20890,ORD-10890,SUP-045,in_transit,2026-10-05
SHIP-20891,ORD-10891,SUP-016,in_transit,2026-09-08
SHIP-20892,ORD-10892,SUP-039,delivered,2026-09-30
SHIP-20893,ORD-10893,SUP-047,in_transit,2026-10-15
SHIP-20894,ORD-10894,SUP-048,delayed,2026-10-10
SHIP-20895,ORD-10895,SUP-034,delayed,2026-10-21
SHIP-20896,ORD-10896,SUP-003,delayed,2026-10-04
SHIP-20897,ORD-10897,SUP-030,delivered,2026-09-08
SHIP-20898,ORD-10898,SUP-016,delayed,2026-10-01
SHIP-20899,ORD-10899,SUP-048,preparing,2026-09-30
SHIP-20900,ORD-10900,SUP-034,delivered,2026-09-09
SHIP-20901,ORD-10901,SUP-013,in_transit,2026-10-01
SHIP-20902,ORD-10902,SUP-020,delivered,2026-09-24
SHIP-20903,ORD-10903,SUP-030,in_transit,2026-09-24
SHIP-20904,ORD-10904,SUP-040,delivered,2026-10-20
SHIP-20905,ORD-10905,SUP-034,delivered,2026-10-05
SHIP-20906,ORD-10906,SUP-042,delayed,2026-10-08
SHIP-20907,ORD-10907,SUP-008,in_transit,2026-10-13
SHIP-20908,ORD-10908,SUP-045,delayed,2026-10-01
SHIP-20909,ORD-10909,SUP-027,in_transit,2026-09-07
SHIP-20910,ORD-10910,SUP-012,delayed,2026-10-21
SHIP-20911,ORD-10911,SUP-013,delivered,2026-09-11
SHIP-20912,ORD-10912,SUP-017,in_transit,2026-10-17
SHIP-20913,ORD-10913,SUP-046,delivered,2026-10-21
SHIP-20914,ORD-10914,SUP-047,in_transit,2026-09-13
SHIP-20915,ORD-10915,SUP-046,in_transit,2026-09-29
SHIP-20916,ORD-10916,SUP-006,delayed,2026-09-30
SHIP-20917,ORD-10917,SUP-047,delivered,2026-10-08
SHIP-20918,ORD-10918,SUP-040,delivered,2026-09-30
SHIP-20919,ORD-10919,SUP-036,in_transit,2026-09-16
SHIP-20920,ORD-10920,SUP-022,delayed,2026-10-18
SHIP-20921,ORD-10921,SUP-010,in_transit,2026-09-15
SHIP-20922,ORD-10922,SUP-012,delivered,2026-09-09
SHIP-20923,ORD-10923,SUP-027,in_transit,2026-10-04
SHIP-20924,ORD-10924,SUP-019,delayed,2026-09-13
SHIP-20925,ORD-10925,SUP-009,delivered,2026-09-06
SHIP-20926,ORD-10926,SUP-040,delivered,2026-09-06
SHIP-20927,ORD-10927,SUP-030,delayed,2026-10-07
SHIP-20928,ORD-10928,SUP-035,delivered,2026-10-14
SHIP-20929,ORD-10929,SUP-032,in_transit,2026-10-13
SHIP-20930,ORD-10930,SUP-043,delayed,2026-10-02
SHIP-20931,ORD-10931,SUP-029,preparing,2026-10-14
SHIP-20932,ORD-10932,SUP-001,in_transit,2026-10-11
SHIP-20933,ORD-10933,SUP-018,delayed,2026-10-11
SHIP-20934,ORD-10934,SUP-014,preparing,2026-09-15
SHIP-20935,ORD-10935,SUP-004,delivered,2026-09-08
SHIP-20936,ORD-10936,SUP-010,delivered,2026-10-18
SHIP-20937,ORD-10937,SUP-037,delivered,2026-09-25
SHIP-20938,ORD-10938,SUP-022,delivered,2026-09-09
SHIP-20939,ORD-10939,SUP-007,in_transit,2026-09-17
SHIP-20940,ORD-10940,SUP-011,delivered,2026-10-15
SHIP-20941,ORD-10941,SUP-043,delivered,2026-10-14
SHIP-20942,ORD-10942,SUP-037,delivered,2026-09-17
SHIP-20943,ORD-10943,SUP-030,delivered,2026-09-29
SHIP-20944,ORD-10944,SUP-003,preparing,2026-09-25
SHIP-20945,ORD-10945,SUP-021,in_transit,2026-09-30
SHIP-20946,ORD-10946,SUP-005,delivered,2026-10-11
SHIP-20947,ORD-10947,SUP-005,in_transit,2026-09-14
SHIP-20948,ORD-10948,SUP-008,delivered,2026-09-23
SHIP-20949,ORD-10949,SUP-022,delayed,2026-10-09
SHIP-20950,ORD-10950,SUP-014,delivered,2026-10-15
SHIP-20951,ORD-10951,SUP-004,in_transit,2026-10-16
SHIP-20952,ORD-10952,SUP-034,delivered,2026-10-06
SHIP-20953,ORD-10953,SUP-047,delivered,2026-10-21
SHIP-20954,ORD-10954,SUP-019,in_transit,2026-09-26
SHIP-20955,ORD-10955,SUP-017,delayed,2026-10-15
SHIP-20956,ORD-10956,SUP-023,delivered,2026-10-15
SHIP-20957,ORD-10957,SUP-037,delayed,2026-10-16
SHIP-20958,ORD-10958,SUP-032,delayed,2026-09-17
SHIP-20959,ORD-10959,SUP-040,in_transit,2026-09-24
SHIP-20960,ORD-10960,SUP-013,preparing,2026-09-07
SHIP-20961,ORD-10961,SUP-030,delayed,2026-09-13
SHIP-20962,ORD-10962,SUP-048,delivered,2026-10-15
SHIP-20963,ORD-10963,SUP-027,in_transit,2026-09-27
SHIP-20964,ORD-10964,SUP-023,delayed,2026-10-16
SHIP-20965,ORD-10965,SUP-014,preparing,2026-09-18
SHIP-20966,ORD-10966,SUP-045,in_transit,2026-09-10
SHIP-20967,ORD-10967,SUP-020,in_transit,2026-10-11
SHIP-20968,ORD-10968,SUP-021,delivered,2026-09-13
SHIP-20969,ORD-10969,SUP-044,in_transit,2026-10-01
SHIP-20970,ORD-10970,SUP-047,delayed,2026-09-07
SHIP-20971,ORD-10971,SUP-012,in_transit,2026-09-27
SHIP-20972,ORD-10972,SUP-044,delayed,2026-10-06
SHIP-20973,ORD-10973,SUP-003,delayed,2026-10-06
SHIP-20974,ORD-10974,SUP-010,delayed,2026-10-10
SHIP-20975,ORD-10975,SUP-022,delayed,2026-10-02
SHIP-20976,ORD-10976,SUP-048,preparing,2026-10-09
SHIP-20977,ORD-10977,SUP-020,delayed,2026-10-19
SHIP-20978,ORD-10978,SUP-021,delayed,2026-09-07
SHIP-20979,ORD-10979,SUP-014,delayed,2026-09-27
SHIP-20980,ORD-10980,SUP-023,preparing,2026-09-15
SHIP-20981,ORD-10981,SUP-018,delivered,2026-09-27
SHIP-20982,ORD-10982,SUP-025,delayed,2026-09-16
SHIP-20983,ORD-10983,SUP-037,delayed,2026-09-17
SHIP-20984,ORD-10984,SUP-039,in_transit,2026-09-25
SHIP-20985,ORD-10985,SUP-046,delivered,2026-10-21
SHIP-20986,ORD-10986,SUP-003,in_transit,2026-09-11
SHIP-20987,ORD-10987,SUP-032,delivered,2026-09-29
SHIP-20988,ORD-10988,SUP-029,delivered,2026-09-25
SHIP-20989,ORD-10989,SUP-014,delayed,2026-09-17
SHIP-20990,ORD-10990,SUP-008,in_transit,2026-09-08
SHIP-20991,ORD-10991,SUP-050,in_transit,2026-09-11
SHIP-20992,ORD-10992,SUP-029,delayed,2026-10-06
SHIP-20993,ORD-10993,SUP-033,in_transit,2026-09-27
SHIP-20994,ORD-10994,SUP-031,delivered,2026-10-09
SHIP-20995,ORD-10995,SUP-020,delivered,2026-09-15
SHIP-20996,ORD-10996,SUP-050,delivered,2026-10-09
SHIP-20997,ORD-10997,SUP-044,delivered,2026-09-19
SHIP-20998,ORD-10998,SUP-047,preparing,2026-09-30
SHIP-20999,ORD-10999,SUP-046,delivered,2026-09-13
SHIP-21000,ORD-11000,SUP-001,in_transit,2026-09-08
